index,bits
0,3C8EF856
1,3D0EF2C7
2,3D8EDC7F
3,3DB27EB0
4,3DD6130A
5,3DF9969D
6,3E0E8365
7,3E20305E
8,3E31D0D5
9,3E43636F
10,3E54E6CE
11,3E665995
12,3E77BA60
13,3E8483ED
14,3E8D2058
15,3E95B1BE
16,3E9E377A
17,3EA6B0E0
18,3EAF1D42
19,3EB77BFF
20,3EBFCC70
21,3EC80DE8
22,3ED03FC8
23,3ED8616D
24,3EE0722D
25,3EE87171
26,3EF05E95
27,3EF838F7
28,3F03D989
29,3F07A8CB
30,3F0B6D76
31,3F0F2744
32,3F12D5E7
33,3F167919
34,3F1A108C
35,3F1D9BFE
36,3F211B24
37,3F248DBA
38,3F27F37C
39,3F2B4C25
40,3F2E9772
41,3F31D522
42,3F3504F4
43,3F3826A7
44,3F3B39FF
45,3F3E3EBD
46,3F4134A6
47,3F441B7C
48,3F46F30A
49,3F49BB13
50,3F4C7360
51,3F4F1BBD
52,3F51B3F2
53,3F543BCF
54,3F56B31E
55,3F5919AE
56,3F5B6F51
57,3F5DB3D7
58,3F5FE714
59,3F6208DB
60,3F641901
61,3F66175D
62,3F6803CA
63,3F69DE1E
64,3F6BA636
65,3F6D5BED
66,3F6EFF20
67,3F708FB2
68,3F720D82
69,3F737870
70,3F74D064
71,3F76153F
72,3F7746EA
73,3F78654D
74,3F797052
75,3F7A67E2
76,3F7B4BEC
77,3F7C1C5D
78,3F7CD924
79,3F7D8236
80,3F7E1782
81,3F7E98FD
82,3F7F069E
83,3F7F605C
84,3F7FA62F
85,3F7FD813
86,3F7FF605
87,3F7FF605
88,3F7FD813
89,3F7FA62F
90,3F7F605C
91,3F7F069E
92,3F7E98FD
93,3F7E1782
94,3F7D8236
95,3F7CD924
96,3F7C1C5D
97,3F7B4BEC
98,3F7A67E2
99,3F797052
100,3F78654D
101,3F7746EA
102,3F76153F
103,3F74D064
104,3F737870
105,3F720D82
106,3F708FB2
107,3F6EFF20
108,3F6D5BED
109,3F6BA636
110,3F69DE1E
111,3F6803CA
112,3F66175D
113,3F641901
114,3F6208DB
115,3F5FE714
116,3F5DB3D7
117,3F5B6F51
118,3F5919AE
119,3F56B31E
120,3F543BCF
121,3F51B3F2
122,3F4F1BBD
123,3F4C7360
124,3F49BB13
125,3F46F30A
126,3F441B7C
127,3F4134A6
128,3F3E3EBD
129,3F3B39FF
130,3F3826A7
131,3F3504F4
132,3F31D522
133,3F2E9772
134,3F2B4C25
135,3F27F37C
136,3F248DBA
137,3F211B24
138,3F1D9BFE
139,3F1A108C
140,3F167919
141,3F12D5E7
142,3F0F2744
143,3F0B6D76
144,3F07A8CB
145,3F03D989
146,3EF838F7
147,3EF05E95
148,3EE87171
149,3EE0722D
150,3ED8616D
151,3ED03FC8
152,3EC80DE8
153,3EBFCC70
154,3EB77BFF
155,3EAF1D42
156,3EA6B0E0
157,3E9E377A
158,3E95B1BE
159,3E8D2058
160,3E8483ED
161,3E77BA60
162,3E665995
163,3E54E6CE
164,3E43636F
165,3E31D0D5
166,3E20305E
167,3E0E8365
168,3DF9969D
169,3DD6130A
170,3DB27EB0
171,3D8EDC7F
172,3D0EF2C7
173,3C8EF856
174,BC8EF856
175,BD0EF2C7
176,BD8EDC7F
177,BDB27EB0
178,BDD6130A
179,BDF9969D
180,BE0E8365
181,BE20305E
182,BE31D0D5
183,BE43636F
184,BE54E6CE
185,BE665995
186,BE77BA60
187,BE8483ED
188,BE8D2058
189,BE95B1BE
190,BE9E377A
191,BEA6B0E0
192,BEAF1D42
193,BEB77BFF
194,BEBFCC70
195,BEC80DE8
196,BED03FC8
197,BED8616D
198,BEE0722D
199,BEE87171
200,BEF05E95
201,BEF838F7
202,BF03D989
203,BF07A8CB
204,BF0B6D76
205,BF0F2744
206,BF12D5E7
207,BF167919
208,BF1A108C
209,BF1D9BFE
210,BF211B24
211,BF248DBA
212,BF27F37C
213,BF2B4C25
214,BF2E9772
215,BF31D522
216,BF3504F4
217,BF3826A7
218,BF3B39FF
219,BF3E3EBD
220,BF4134A6
221,BF441B7C
222,BF46F30A
223,BF49BB13
224,BF4C7360
225,BF4F1BBD
226,BF51B3F2
227,BF543BCF
228,BF56B31E
229,BF5919AE
230,BF5B6F51
231,BF5DB3D7
232,BF5FE714
233,BF6208DB
234,BF641901
235,BF66175D
236,BF6803CA
237,BF69DE1E
238,BF6BA636
239,BF6D5BED
240,BF6EFF20
241,BF708FB2
242,BF720D82
243,BF737870
244,BF74D064
245,BF76153F
246,BF7746EA
247,BF78654D
248,BF797052
249,BF7A67E2
250,BF7B4BEC
251,BF7C1C5D
252,BF7CD924
253,BF7D8236
254,BF7E1782
255,BF7E98FD
256,BF7F069E
257,BF7F605C
258,BF7FA62F
259,BF7FD813
260,BF7FF605
261,BF7FF605
262,BF7FD813
263,BF7FA62F
264,BF7F605C
265,BF7F069E
266,BF7E98FD
267,BF7E1782
268,BF7D8236
269,BF7CD924
270,BF7C1C5D
271,BF7B4BEC
272,BF7A67E2
273,BF797052
274,BF78654D
275,BF7746EA
276,BF76153F
277,BF74D064
278,BF737870
279,BF720D82
280,BF708FB2
281,BF6EFF20
282,BF6D5BED
283,BF6BA636
284,BF69DE1E
285,BF6803CA
286,BF66175D
287,BF641901
288,BF6208DB
289,BF5FE714
290,BF5DB3D7
291,BF5B6F51
292,BF5919AE
293,BF56B31E
294,BF543BCF
295,BF51B3F2
296,BF4F1BBD
297,BF4C7360
298,BF49BB13
299,BF46F30A
300,BF441B7C
301,BF4134A6
302,BF3E3EBD
303,BF3B39FF
304,BF3826A7
305,BF3504F4
306,BF31D522
307,BF2E9772
308,BF2B4C25
309,BF27F37C
310,BF248DBA
311,BF211B24
312,BF1D9BFE
313,BF1A108C
314,BF167919
315,BF12D5E7
316,BF0F2744
317,BF0B6D76
318,BF07A8CB
319,BF03D989
320,BEF838F7
321,BEF05E95
322,BEE87171
323,BEE0722D
324,BED8616D
325,BED03FC8
326,BEC80DE8
327,BEBFCC70
328,BEB77BFF
329,BEAF1D42
330,BEA6B0E0
331,BE9E377A
332,BE95B1BE
333,BE8D2058
334,BE8483ED
335,BE77BA60
336,BE665995
337,BE54E6CE
338,BE43636F
339,BE31D0D5
340,BE20305E
341,BE0E8365
342,BDF9969D
343,BDD6130A
344,BDB27EB0
345,BD8EDC7F
346,BD0EF2C7
347,BC8EF856
348,3C8EF856
349,3D0EF2C7
350,3D8EDC7F
351,3DB27EB0
352,3DD6130A
353,3DF9969D
354,3E0E8365
355,3E20305E
356,3E31D0D5
357,3E43636F
358,3E54E6CE
359,3E665995
360,3E77BA60
361,3E8483ED
362,3E8D2058
363,3E95B1BE
364,3E9E377A
365,3EA6B0E0
366,3EAF1D42
367,3EB77BFF
368,3EBFCC70
369,3EC80DE8
370,3ED03FC8
371,3ED8616D
372,3EE0722D
373,3EE87171
374,3EF05E95
375,3EF838F7
376,3F03D989
377,3F07A8CB
378,3F0B6D76
379,3F0F2744
380,3F12D5E7
381,3F167919
382,3F1A108C
383,3F1D9BFE
384,3F211B24
385,3F248DBA
386,3F27F37C
387,3F2B4C25
388,3F2E9772
389,3F31D522
390,3F3504F4
391,3F3826A7
392,3F3B39FF
393,3F3E3EBD
394,3F4134A6
395,3F441B7C
396,3F46F30A
397,3F49BB13
398,3F4C7360
399,3F4F1BBD
400,3F51B3F2
401,3F543BCF
402,3F56B31E
403,3F5919AE
404,3F5B6F51
405,3F5DB3D7
406,3F5FE714
407,3F6208DB
408,3F641901
409,3F66175D
410,3F6803CA
411,3F69DE1E
412,3F6BA636
413,3F6D5BED
414,3F6EFF20
415,3F708FB2
416,3F720D82
417,3F737870
418,3F74D064
419,3F76153F
420,3F7746EA
421,3F78654D
422,3F797052
423,3F7A67E2
424,3F7B4BEC
425,3F7C1C5D
426,3F7CD924
427,3F7D8236
428,3F7E1782
429,3F7E98FD
430,3F7F069E
431,3F7F605C
432,3F7FA62F
433,3F7FD813
434,3F7FF605
435,4112B6F4
436,3F9B6F44
437,C1234D4F
438,3F9C6BB5
