index,asset,original,candidate
0,4112B6F4,4112B6F4,4112B6F4
1,00000000,00000000,00000000
2,3F9B6F43,3F9B6F44,3F9B6F43
3,3F67C075,3F67C06E,3F67C075
4,00000000,00000000,00000000
5,3F000000,3F000000,3F000000
6,3F000000,3F000000,3F000000
7,3F000000,3F000000,3F000000
8,3F000000,3F000000,3F000000
9,3F000000,3F000000,3F000000
10,3F000000,3F000000,3F000000
11,3F000000,3F000000,3F000000
12,3F000000,3F000000,3F000000
13,00000000,00000000,00000000
14,00000000,00000000,00000000
15,00000000,00000000,00000000
16,00000000,00000000,00000000
17,00000000,00000000,00000000
18,00000000,00000000,00000000
19,C1234D4F,C1234D4F,C1234D4F
20,00000000,00000000,00000000
21,3F9C6BB5,3F9C6BB5,3F9C6BB5
22,3F67C075,3F67C06E,3F67C075
23,00000000,00000000,00000000
24,3F000000,3F000000,3F000000
25,3F000000,3F000000,3F000000
26,3F000000,3F000000,3F000000
27,3F000000,3F000000,3F000000
28,3F000000,3F000000,3F000000
29,3F000000,3F000000,3F000000
30,3F000000,3F000000,3F000000
31,3F000000,3F000000,3F000000
32,00000000,00000000,00000000
33,00000000,00000000,00000000
34,00000000,00000000,00000000
35,00000000,00000000,00000000
36,00000000,00000000,00000000
37,00000000,00000000,00000000
